{
    "inputUnits": [
        34
    ],
    "outputUnits": 6,
    "inputs": {
        "0": {
            "dtype": "number",
            "min": 213.2435152823465,
            "max": 341.4953251888877
        },
        "1": {
            "dtype": "number",
            "min": 131.57084623043067,
            "max": 195.71471216153446
        },
        "2": {
            "dtype": "number",
            "min": 222.09924024912812,
            "max": 350.44444658602885
        },
        "3": {
            "dtype": "number",
            "min": 123.47705774139939,
            "max": 186.64940728081598
        },
        "4": {
            "dtype": "number",
            "min": 216.1977991769653,
            "max": 332.5186752111126
        },
        "5": {
            "dtype": "number",
            "min": 124.08668413961607,
            "max": 195.4172877261513
        },
        "6": {
            "dtype": "number",
            "min": 247.6857788799799,
            "max": 373.9158799913194
        },
        "7": {
            "dtype": "number",
            "min": 135.69642778958027,
            "max": 186.14680359005695
        },
        "8": {
            "dtype": "number",
            "min": 214.60157933523314,
            "max": 331.6287041082252
        },
        "9": {
            "dtype": "number",
            "min": 132.86233585945112,
            "max": 204.17617530153507
        },
        "10": {
            "dtype": "number",
            "min": 249.93964836611383,
            "max": 415.0162225020559
        },
        "11": {
            "dtype": "number",
            "min": 168.5432847526803,
            "max": 236.05689957825064
        },
        "12": {
            "dtype": "number",
            "min": 200.14624943277755,
            "max": 369.3014829758315
        },
        "13": {
            "dtype": "number",
            "min": 161.82369834498354,
            "max": 251.89006723623294
        },
        "14": {
            "dtype": "number",
            "min": 147.70446658366836,
            "max": 480.8225575943439
        },
        "15": {
            "dtype": "number",
            "min": 138.58020090917395,
            "max": 320.2393164086295
        },
        "16": {
            "dtype": "number",
            "min": 121.37246769538864,
            "max": 320.1293136269493
        },
        "17": {
            "dtype": "number",
            "min": 146.20235450551291,
            "max": 330.20474142033686
        },
        "18": {
            "dtype": "number",
            "min": 147.2305006358126,
            "max": 567.3460040176124
        },
        "19": {
            "dtype": "number",
            "min": 59.982258162768034,
            "max": 363.239597372609
        },
        "20": {
            "dtype": "number",
            "min": 35.67457946420413,
            "max": 365.89601453517145
        },
        "21": {
            "dtype": "number",
            "min": 64.56490856862206,
            "max": 356.21081525122213
        },
        "22": {
            "dtype": "number",
            "min": 244.63937026947792,
            "max": 466.9313789947688
        },
        "23": {
            "dtype": "number",
            "min": 336.2990399039047,
            "max": 407.3275923403615
        },
        "24": {
            "dtype": "number",
            "min": 193.03677861918248,
            "max": 393.0323395905671
        },
        "25": {
            "dtype": "number",
            "min": 298.5785042983979,
            "max": 418.66812217072896
        },
        "26": {
            "dtype": "number",
            "min": 217.93199342129057,
            "max": 488.4752472102293
        },
        "27": {
            "dtype": "number",
            "min": 525.6746062340095,
            "max": 556.4732351916575
        },
        "28": {
            "dtype": "number",
            "min": 178.94680030629416,
            "max": 384.42706608168095
        },
        "29": {
            "dtype": "number",
            "min": 396.3636134335404,
            "max": 558.1648917690819
        },
        "30": {
            "dtype": "number",
            "min": 215.89493065549615,
            "max": 493.959765815363
        },
        "31": {
            "dtype": "number",
            "min": 553.9018990143,
            "max": 559.9186932599102
        },
        "32": {
            "dtype": "number",
            "min": 177.87173622532893,
            "max": 395.52481073152717
        },
        "33": {
            "dtype": "number",
            "min": 482.24241438897263,
            "max": 560.9924404151723
        }
    },
    "outputs": {
        "0": {
            "dtype": "string",
            "min": 0,
            "max": 1,
            "uniqueValues": [
                "p1",
                "p2",
                "p3",
                "p4",
                "p5",
                "p6"
            ],
            "legend": {
                "p1": [
                    1,
                    0,
                    0,
                    0,
                    0,
                    0
                ],
                "p2": [
                    0,
                    1,
                    0,
                    0,
                    0,
                    0
                ],
                "p3": [
                    0,
                    0,
                    1,
                    0,
                    0,
                    0
                ],
                "p4": [
                    0,
                    0,
                    0,
                    1,
                    0,
                    0
                ],
                "p5": [
                    0,
                    0,
                    0,
                    0,
                    1,
                    0
                ],
                "p6": [
                    0,
                    0,
                    0,
                    0,
                    0,
                    1
                ]
            }
        }
    },
    "isNormalized": true
}